{
  "ratings": {
    "bordeaux": 1380.4798013898842,
    "nantes": 1346.2772899345962,
    "dijon": 1324.9788949103984,
    "angers": 1476.6362513385209,
    "lille": 1562.9680677662916,
    "rennes": 1604.8171053418357,
    "nice": 1486.1826291205887,
    "lens": 1756.541571690191,
    "monaco": 1553.8001178772322,
    "reims": 1457.550355238466,
    "lorient": 1568.9259940480244,
    "strasbourg": 1580.5009841302024,
    "nimes": 1407.3340707590626,
    "brest": 1547.0377138336275,
    "lyon": 1671.4937770248875,
    "montpellier": 1331.3951515079011,
    "marseille": 1634.7191391526533,
    "saint_etienne": 1405.1917289183002,
    "metz": 1333.2119679026891,
    "paris_sg": 1823.6213337332415,
    "granada": 1338.9267088847453,
    "athletic_bilbao": 1533.7756941784978,
    "eibar": 1394.7531893576352,
    "celta": 1565.0243622964308,
    "crystal_palace": 1503.3373337896762,
    "southampton": 1247.796967599157,
    "liverpool": 1698.6105364814978,
    "leeds": 1543.9539777337961,
    "fulham": 1535.2692664080505,
    "arsenal": 1849.208237149987,
    "cadiz": 1405.7722736441765,
    "osasuna": 1545.9882396372711,
    "west_ham": 1475.6011511032834,
    "newcastle": 1596.4696910563664,
    "tottenham": 1519.1919003372298,
    "everton": 1563.8275795347147,
    "valladolid": 1273.0607964339033,
    "real_sociedad": 1570.4951900218389,
    "villarreal": 1601.4774924793835,
    "huesca": 1427.1510275344788,
    "valencia": 1512.249535096693,
    "levante": 1399.335839052889,
    "west_brom": 1368.6904405190924,
    "leicester": 1351.1565449659133,
    "alaves": 1441.1996847234325,
    "real_betis": 1657.3122448450963,
    "brighton": 1537.7632747823363,
    "chelsea": 1693.0989688527175,
    "sheffield_united": 1256.4261285494565,
    "wolves": 1343.0199592635968,
    "bayern_munich": 1904.887127864085,
    "schalke_04": 1368.0301815449866,
    "fc_koln": 1420.7200622290632,
    "hoffenheim": 1703.183971460525,
    "eintracht_frankfurt": 1519.1827763828617,
    "bielefeld": 1393.7748972488648,
    "fiorentina": 1517.121744525069,
    "torino": 1455.710854121842,
    "verona": 1335.6041332303234,
    "roma": 1690.7639849274503,
    "getafe": 1492.3351121286894,
    "stuttgart": 1676.9424708037184,
    "freiburg": 1545.659446465919,
    "union_berlin": 1461.9298128280288,
    "augsburg": 1473.8923264924993,
    "werder_bremen": 1475.7025884432303,
    "hertha": 1370.9712130957826,
    "dortmund": 1757.8470063944242,
    "mgladbach": 1454.3651886200118,
    "man_united": 1668.90402307278,
    "leipzig": 1609.2524002170023,
    "mainz": 1513.510240568392,
    "burnley": 1359.71686261195,
    "wolfsburg": 1436.5088196699367,
    "leverkusen": 1682.9171004452812,
    "genoa": 1474.905269175011,
    "crotone": 1346.7897406548307,
    "real_madrid": 1817.7994516916747,
    "juventus": 1723.0383274487565,
    "sampdoria": 1335.4420469595439,
    "parma": 1471.4450257816127,
    "napoli": 1690.8212560988356,
    "sassuolo": 1512.7043415043288,
    "cagliari": 1452.6990022068217,
    "aston_villa": 1707.785130317421,
    "man_city": 1767.1036968181875,
    "ac_milan": 1791.392418337403,
    "bologna": 1520.5142044874347,
    "atalanta": 1688.24343379781,
    "elche": 1425.34864976925,
    "benevento": 1364.360451943596,
    "lazio": 1548.2592841838584,
    "inter_milan": 1864.0002222035116,
    "barcelona": 1822.6654341742874,
    "atletico_madrid": 1642.7527769425126,
    "sevilla": 1426.5574162224088,
    "udinese": 1475.5167856106873,
    "spezia": 1380.8232120974117,
    "troyes": 1356.1403830380552,
    "clermont": 1421.1203813947375,
    "brentford": 1632.4978041556963,
    "bochum": 1384.2971060737402,
    "watford": 1331.9097153859664,
    "mallorca": 1476.333195300667,
    "norwich": 1328.3139574998931,
    "espanyol": 1477.0873995421196,
    "greuther_furth": 1354.2139308331018,
    "rayo_vallecano": 1495.8763247129195,
    "empoli": 1409.2312635630767,
    "venezia": 1383.7996120365094,
    "salernitana": 1332.2610816357537,
    "ajaccio": 1353.03341087646,
    "nottingham_forest": 1499.0873962046935,
    "bournemouth": 1608.938236448622,
    "auxerre": 1447.5527400907781,
    "toulouse": 1548.166734809195,
    "monza": 1339.2005329160104,
    "lecce": 1440.1638546195052,
    "girona": 1521.4023590619108,
    "almeria": 1372.6926887091959,
    "cremonese": 1421.0219030914923,
    "las_palmas": 1394.9395489790284,
    "luton": 1382.4854857071052,
    "le_havre": 1511.5035405988197,
    "frosinone": 1444.7037293372712,
    "heidenheim": 1314.7406672568272,
    "darmstadt": 1337.5538852713669,
    "leganes": 1463.0027671033895,
    "ipswich": 1360.6493554223407,
    "como": 1653.5766837472815,
    "holstein_kiel": 1413.179384728215,
    "st_pauli": 1393.5171953238284,
    "oviedo": 1426.46670876881,
    "real_oviedo": 1425.9624180001297,
    "sunderland": 1532.2190470296375,
    "olympique_lyon": 1596.7746091978483,
    "paris": 1445.706824305197,
    "bremen": 1451.7424558774721,
    "pisa": 1432.2769615664622,
    "hamburg": 1500.0616857564135,
    "hsv": 1498.555596139753,
    "ac_pisa": 1430.7432099323057,
    "psv": 1524.6482859014925,
    "union_sg": 1505.4065469578,
    "sl_benfica": 1528.243444636284,
    "qarabag_agdam": 1492.7098591871322,
    "olympiakos": 1526.976958653495,
    "paphos": 1510.3854683627585,
    "slavia_praha": 1466.011689798711,
    "bod_glimt": 1522.3383625602082,
    "ajax": 1469.4621755103608,
    "club_brugge": 1544.4041075118218,
    "k_benhavn": 1500.1193899973002,
    "galatasaray": 1517.8683523691752,
    "sporting_cp": 1567.6424448959542,
    "fk_kairat": 1435.0690358560553
  },
  "last_seen": {
    "bordeaux": "2022-05-21 15:00:00+00:00",
    "nantes": "2026-02-13 20:05:00+00:00",
    "dijon": "2021-05-23 15:00:00+00:00",
    "angers": "2026-02-15 16:15:00+00:00",
    "lille": "2026-02-14 18:00:00+00:00",
    "rennes": "2026-02-13 18:00:00+00:00",
    "nice": "2026-02-15 19:45:00+00:00",
    "lens": "2026-02-14 20:05:00+00:00",
    "monaco": "2026-02-13 20:05:00+00:00",
    "reims": "2025-05-17 15:00:00+00:00",
    "lorient": "2026-02-15 16:15:00+00:00",
    "strasbourg": "2026-02-14 16:00:00+00:00",
    "nimes": "2021-05-23 15:00:00+00:00",
    "brest": "2026-02-14 18:00:00+00:00",
    "lyon": "2026-02-15 15:00:00+00:00",
    "montpellier": "2025-05-17 15:00:00+00:00",
    "marseille": "2026-02-14 16:00:00+00:00",
    "saint_etienne": "2025-05-17 15:00:00+00:00",
    "metz": "2026-02-15 16:15:00+00:00",
    "paris_sg": "2026-02-13 18:00:00+00:00",
    "granada": "2024-05-24 15:00:00+00:00",
    "athletic_bilbao": "2026-02-15 15:00:00+00:00",
    "eibar": "2021-05-22 15:00:00+00:00",
    "celta": "2026-02-14 15:00:00+00:00",
    "crystal_palace": "2026-02-11 19:40:00+00:00",
    "southampton": "2025-05-25 15:00:00+00:00",
    "liverpool": "2026-02-11 20:15:00+00:00",
    "leeds": "2026-02-10 19:30:00+00:00",
    "fulham": "2026-02-11 19:30:00+00:00",
    "arsenal": "2026-02-12 20:00:00+00:00",
    "cadiz": "2024-05-25 15:00:00+00:00",
    "osasuna": "2026-02-13 20:00:00+00:00",
    "west_ham": "2026-02-10 20:15:00+00:00",
    "newcastle": "2026-02-10 19:30:00+00:00",
    "tottenham": "2026-02-10 19:30:00+00:00",
    "everton": "2026-02-10 19:30:00+00:00",
    "valladolid": "2025-05-24 15:00:00+00:00",
    "real_sociedad": "2026-02-14 20:00:00+00:00",
    "villarreal": "2026-02-14 15:15:00+00:00",
    "huesca": "2021-05-22 15:00:00+00:00",
    "valencia": "2026-02-15 17:30:00+00:00",
    "levante": "2026-02-15 17:30:00+00:00",
    "west_brom": "2021-05-23 15:00:00+00:00",
    "leicester": "2025-05-25 15:00:00+00:00",
    "alaves": "2026-02-14 17:30:00+00:00",
    "real_betis": "2026-02-15 20:00:00+00:00",
    "brighton": "2026-02-11 19:30:00+00:00",
    "chelsea": "2026-02-10 19:30:00+00:00",
    "sheffield_united": "2024-05-19 15:00:00+00:00",
    "wolves": "2026-02-11 19:30:00+00:00",
    "bayern_munich": "2026-02-14 15:00:00+00:00",
    "schalke_04": "2023-05-27 15:00:00+00:00",