{
  "ratings": {
    "bordeaux": 1380.4798013898842,
    "nantes": 1383.1287546590518,
    "dijon": 1324.9788949103984,
    "angers": 1458.3986863677817,
    "lille": 1581.2056327370308,
    "rennes": 1630.7309432819397,
    "nice": 1487.173831998858,
    "lens": 1724.0180078592766,
    "monaco": 1581.6192051874357,
    "reims": 1457.550355238466,
    "lorient": 1567.934791169755,
    "strasbourg": 1608.8535089343186,
    "nimes": 1407.3340707590626,
    "brest": 1577.6152536474008,
    "lyon": 1655.3736669300931,
    "montpellier": 1331.3951515079011,
    "marseille": 1604.14159933888,
    "saint_etienne": 1405.1917289183002,
    "metz": 1331.0904856809443,
    "paris_sg": 1830.4472924756972,
    "granada": 1338.9267088847453,
    "athletic_bilbao": 1544.3060413940816,
    "eibar": 1394.7531893576352,
    "celta": 1581.9436195054077,
    "crystal_palace": 1512.4125991851083,
    "southampton": 1247.796967599157,
    "liverpool": 1710.922313664095,
    "leeds": 1555.2771659268637,
    "fulham": 1569.0644693045194,
    "arsenal": 1847.0606947519816,
    "cadiz": 1405.7722736441765,
    "osasuna": 1576.1811336333687,
    "west_ham": 1479.377194006473,
    "newcastle": 1605.8485476557328,
    "west_brom": 1368.6904405190924,
    "leicester": 1351.1565449659133,
    "alaves": 1441.1996847234325,
    "real_betis": 1646.0812374615368,
    "valencia": 1501.4102946467026,
    "levante": 1384.1478965904898,
    "villarreal": 1624.5035811752125,
    "huesca": 1427.1510275344788,
    "valladolid": 1273.0607964339033,
    "real_sociedad": 1559.8318533341708,
    "tottenham": 1504.4033014326112,
    "everton": 1563.8275795347147,
    "brighton": 1579.0738945566263,
    "chelsea": 1676.9289552096964,
    "sheffield_united": 1256.4261285494565,
    "wolves": 1350.8808351707887,
    "bayern_munich": 1907.6463996907924,
    "schalke_04": 1368.0301815449866,
    "eintracht_frankfurt": 1516.4235045561543,
    "bielefeld": 1393.7748972488648,
    "man_united": 1668.90402307278,
    "dortmund": 1762.2185294070296,
    "mgladbach": 1443.0704722234236,
    "werder_bremen": 1465.2083560721435,
    "hertha": 1370.9712130957826,
    "union_berlin": 1490.1815417839146,
    "augsburg": 1494.8590660524599,
    "stuttgart": 1663.2776106660128,
    "freiburg": 1556.9541628625072,
    "fc_koln": 1431.5996713108727,
    "hoffenheim": 1692.3043623787155,
    "getafe": 1465.8431318519006,
    "verona": 1323.4508539904045,
    "roma": 1698.3268639990088,
    "fiorentina": 1517.121744525069,
    "torino": 1431.2975749152818,
    "juventus": 1660.4881469635025,
    "sampdoria": 1335.4420469595439,
    "genoa": 1499.3185483815712,
    "crotone": 1346.7897406548307,
    "leipzig": 1614.3438657416136,
    "mainz": 1509.089141523109,
    "real_madrid": 1791.9146556608523,
    "sassuolo": 1524.8576207442477,
    "cagliari": 1454.403534089139,
    "parma": 1506.880635706809,
    "napoli": 1674.3199588958769,
    "wolfsburg": 1415.542080109976,
    "leverkusen": 1665.8264422314508,
    "burnley": 1375.8868762549712,
    "ac_milan": 1745.6715075215593,
    "bologna": 1520.5142044874347,
    "aston_villa": 1696.4619421243533,
    "man_city": 1775.8216874289162,
    "inter_milan": 1846.58347095771,
    "lazio": 1546.5547523015412,
    "benevento": 1364.360451943596,
    "elche": 1414.8183025536662,
    "atalanta": 1695.281742463552,
    "spezia": 1380.8232120974117,
    "atletico_madrid": 1654.0672689214398,
    "sevilla": 1453.0493964991977,
    "udinese": 1475.5167856106873,
    "barcelona": 1825.666528390848,
    "troyes": 1356.1403830380552,
    "clermont": 1421.1203813947375,
    "brentford": 1591.1871843814065,
    "watford": 1331.9097153859664,
    "bochum": 1384.2971060737402,
    "mallorca": 1459.4139380916902,
    "norwich": 1328.3139574998931,
    "espanyol": 1464.8159926315102,
    "greuther_furth": 1354.2139308331018,
    "rayo_vallecano": 1507.107332096479,
    "empoli": 1409.2312635630767,
    "salernitana": 1332.2610816357537,
    "venezia": 1383.7996120365094,
    "ajaccio": 1353.03341087646,
    "bournemouth": 1605.1621935454325,
    "nottingham_forest": 1486.7756190220962,
    "toulouse": 1539.4184951052002,
    "auxerre": 1421.638902150674,
    "lecce": 1432.6511847617921,
    "monza": 1339.2005329160104,
    "girona": 1521.4023590619108,
    "almeria": 1372.6926887091959,
    "cremonese": 1413.4590240199338,
    "las_palmas": 1394.9395489790284,
    "luton": 1382.4854857071052,
    "le_havre": 1474.652075874364,
    "heidenheim": 1328.4055273945328,
    "frosinone": 1444.7037293372712,
    "darmstadt": 1337.5538852713669,
    "leganes": 1463.0027671033895,
    "ipswich": 1360.6493554223407,
    "como": 1700.5647602269237,
    "holstein_kiel": 1413.179384728215,
    "st_pauli": 1413.514795640128,
    "oviedo": 1431.7376425262082,
    "real_oviedo": 1431.3548209303995,
    "sunderland": 1498.4238441331686,
    "olympique_lyon": 1584.5421944885265,
    "paris": 1454.4550640091918,
    "bremen": 1442.2390879322593,
    "hamburg": 1502.282011690938,
    "pisa": 1432.2769615664622,
    "hsv": 1500.7563692505116,
    "ac_pisa": 1430.7432099323057,
    "psv": 1524.6482859014925,
    "union_sg": 1505.4065469578,
    "sl_benfica": 1523.9353466710088,
    "qarabag_agdam": 1474.613011977037,
    "olympiakos": 1515.8158879114399,
    "paphos": 1510.3854683627585,
    "slavia_praha": 1466.011689798711,
    "bod_glimt": 1547.2677836637229,
    "ajax": 1469.4621755103608,
    "k_benhavn": 1500.1193899973002,
    "club_brugge": 1545.361022443504,
    "sporting_cp": 1567.6424448959542,
    "fk_kairat": 1435.0690358560553,
    "galatasaray": 1543.7157572654344
  },
  "last_seen": {
    "bordeaux": "2022-05-21 15:00:00+00:00",
    "nantes": "2026-02-22 16:15:00+00:00",
    "dijon": "2021-05-23 15:00:00+00:00",
    "angers": "2026-02-22 16:15:00+00:00",
    "lille": "2026-02-22 16:15:00+00:00",
    "rennes": "2026-02-22 15:00:00+00:00",
    "nice": "2026-02-22 16:15:00+00:00",
    "lens": "2026-02-21 16:00:00+00:00",
    "monaco": "2026-02-21 16:00:00+00:00",
    "reims": "2025-05-17 15:00:00+00:00",
    "lorient": "2026-02-22 16:15:00+00:00",
    "strasbourg": "2026-02-22 19:45:00+00:00",
    "nimes": "2021-05-23 15:00:00+00:00",
    "brest": "2026-02-20 19:45:00+00:00",
    "lyon": "2026-02-22 15:00:00+00:00",
    "montpellier": "2025-05-17 15:00:00+00:00",
    "marseille": "2026-02-20 19:45:00+00:00",
    "saint_etienne": "2025-05-17 15:00:00+00:00",
    "metz": "2026-02-21 20:05:00+00:00",
    "paris_sg": "2026-02-21 20:05:00+00:00",
    "granada": "2024-05-24 15:00:00+00:00",
    "athletic_bilbao": "2026-02-20 20:00:00+00:00",
    "eibar": "2021-05-22 15:00:00+00:00",
    "celta": "2026-02-22 17:30:00+00:00",
    "crystal_palace": "2026-02-22 15:00:00+00:00",
    "southampton": "2025-05-25 15:00:00+00:00",
    "liverpool": "2026-02-22 15:00:00+00:00",
    "leeds": "2026-02-21 15:00:00+00:00",
    "fulham": "2026-02-22 15:00:00+00:00",
    "arsenal": "2026-02-22 16:30:00+00:00",
    "cadiz": "2024-05-25 15:00:00+00:00",
    "osasuna": "2026-02-21 17:30:00+00:00",
    "west_ham": "2026-02-21 17:30:00+00:00",
    "newcastle": "2026-02-21 20:00:00+00:00",
    "west_brom": "2021-05-23 15:00:00+00:00",
    "leicester": "2025-05-25 15:00:00+00:00",
    "alaves": "2026-02-14 17:30:00+00:00",
    "real_betis": "2026-02-21 15:15:00+00:00",
    "valencia": "2026-02-22 20:00:00+00:00",
    "levante": "2026-02-22 15:15:00+00:00",
    "villarreal": "2026-02-22 20:00:00+00:00",
    "huesca": "2021-05-22 15:00:00+00:00",
    "valladolid": "2025-05-24 15:00:00+00:00",
    "real_sociedad": "2026-02-21 15:00:00+00:00",
    "tottenham": "2026-02-22 16:30:00+00:00",
    "everton": "2026-02-10 19:30:00+00:00",
    "brighton": "2026-02-21 15:00:00+00:00",
    "chelsea": "2026-02-21 15:00:00+00:00",
    "sheffield_united": "2024-05-19 15:00:00+00:00",
    "wolves": "2026-02-22 15:00:00+00:00",
    "bayern_munich": "2026-02-21 15:00:00+00:00",
    "schalke_04": "2023-05-27 15:00:00+00:00",