{
  "ratings": {
    "bordeaux": 1380.4798013898842,
    "nantes": 1346.275433993951,
    "dijon": 1324.9788949103984,
    "angers": 1476.632627837887,
    "lille": 1562.9656831786176,
    "rennes": 1604.8123759093032,
    "nice": 1486.1815755323548,
    "lens": 1756.4948276216878,
    "monaco": 1549.094715242163,
    "reims": 1457.550355238466,
    "lorient": 1568.9238596833898,
    "strasbourg": 1580.4980749084623,
    "nimes": 1407.3340707590626,
    "brest": 1547.0357465789675,
    "lyon": 1671.7236311912163,
    "montpellier": 1331.3951515079011,
    "marseille": 1634.7127531064496,
    "saint_etienne": 1405.1917289183002,
    "metz": 1333.210341134583,
    "paris_sg": 1828.3244841929245,
    "granada": 1338.9267088847453,
    "athletic_bilbao": 1533.7756892223242,
    "eibar": 1394.7531893576352,
    "celta": 1565.0243592274237,
    "crystal_palace": 1503.3373296510258,
    "southampton": 1247.796967599157,
    "liverpool": 1698.6104408711492,
    "leeds": 1543.9539750117476,
    "fulham": 1535.269264595181,
    "arsenal": 1832.2720919556332,
    "cadiz": 1405.7722736441765,
    "osasuna": 1545.9882375133864,
    "west_ham": 1475.601149927872,
    "newcastle": 1614.5664938271789,
    "west_brom": 1368.6904405190924,
    "leicester": 1351.1565449659133,
    "alaves": 1441.1996829783398,
    "real_betis": 1657.3122422527092,
    "valencia": 1512.2495355904286,
    "levante": 1387.1489908821059,
    "villarreal": 1613.6643356971726,
    "huesca": 1427.1510275344788,
    "valladolid": 1273.0607964339033,
    "real_sociedad": 1570.4951880583476,
    "tottenham": 1519.1918945247128,
    "everton": 1563.8275757252904,
    "brighton": 1537.7632736516114,
    "chelsea": 1693.0989591833559,
    "sheffield_united": 1256.4261285494565,
    "wolves": 1359.9560978766974,
    "bayern_munich": 1904.8870469854362,
    "schalke_04": 1368.0301815449866,
    "dortmund": 1767.3099850347646,
    "mgladbach": 1454.3651807230085,
    "werder_bremen": 1475.7025831230703,
    "hertha": 1370.9712130957826,
    "union_berlin": 1461.9298078019501,
    "augsburg": 1473.8923183336638,
    "stuttgart": 1676.9424583398852,
    "freiburg": 1545.6594356458797,
    "man_united": 1668.9040200525556,
    "getafe": 1492.3351120155444,
    "verona": 1335.6041239980989,
    "roma": 1690.7639759024357,
    "fiorentina": 1517.1217348299604,
    "torino": 1455.710841513998,
    "eintracht_frankfurt": 1519.182763769528,
    "bielefeld": 1393.7748972488648,
    "fc_koln": 1420.7200529157712,
    "hoffenheim": 1703.1839593023692,
    "real_madrid": 1822.1075593813216,
    "juventus": 1697.1908967790255,
    "sampdoria": 1335.4420469595439,
    "leipzig": 1609.25238402297,
    "mainz": 1513.5102359526038,
    "genoa": 1474.9052614212524,
    "crotone": 1346.7897406548307,
    "sassuolo": 1512.7043350586848,
    "cagliari": 1452.6989955030645,
    "burnley": 1359.7168586133564,
    "wolfsburg": 1436.5088095249887,
    "leverkusen": 1694.0780883569612,
    "parma": 1471.44501604555,
    "napoli": 1690.8212460330024,
    "ac_milan": 1781.1071104441253,
    "bologna": 1520.5141933245557,
    "aston_villa": 1707.7851258348855,
    "man_city": 1767.1036842561743,
    "benevento": 1364.360451943596,
    "lazio": 1548.2592712699047,
    "inter_milan": 1839.070793642586,
    "atalanta": 1678.780367047989,
    "elche": 1425.3486467005366,
    "spezia": 1380.8232120974117,
    "udinese": 1475.5167796322964,
    "sevilla": 1426.55741174329,
    "atletico_madrid": 1641.7958445707475,
    "barcelona": 1822.6653880606484,
    "troyes": 1356.1403830380552,
    "clermont": 1421.1203813947375,
    "brentford": 1632.4977996232717,
    "espanyol": 1477.087396535024,
    "watford": 1331.9097153859664,
    "greuther_furth": 1354.2139308331018,
    "mallorca": 1476.3331927634194,
    "bochum": 1384.2971060737402,
    "norwich": 1328.3139574998931,
    "rayo_vallecano": 1495.8763245087312,
    "empoli": 1409.2312635630767,
    "salernitana": 1332.2610816357537,
    "venezia": 1383.7996120365094,
    "ajaccio": 1353.03341087646,
    "bournemouth": 1608.938229668849,
    "nottingham_forest": 1499.0873946056336,
    "toulouse": 1548.16220641784,
    "auxerre": 1447.5492109268619,
    "monza": 1339.2005329160104,
    "lecce": 1440.1638512462353,
    "almeria": 1372.6926887091959,
    "cremonese": 1421.0218946733962,
    "girona": 1521.4023565256462,
    "luton": 1382.4854857071052,
    "las_palmas": 1394.9395489790284,
    "le_havre": 1511.498772524378,
    "heidenheim": 1314.7406586083296,
    "frosinone": 1444.7037293372712,
    "darmstadt": 1337.5538852713669,
    "ipswich": 1360.6493554223407,
    "leganes": 1463.0027671033895,
    "como": 1663.8619746841994,
    "holstein_kiel": 1413.179384728215,
    "st_pauli": 1393.5171881355136,
    "oviedo": 1426.4667076869289,
    "real_oviedo": 1425.9624168934042,
    "sunderland": 1532.2190387308701,
    "olympique_lyon": 1596.6428104370905,
    "paris": 1445.7008890844763,
    "bremen": 1451.7424508179647,
    "hamburg": 1500.0616837486002,
    "pisa": 1432.27695708467,
    "hsv": 1498.5555940843499,
    "ac_pisa": 1430.743205494193,
    "psv": 1524.6482826302738,
    "union_sg": 1505.406468728121,
    "sl_benfica": 1523.9353460421428,
    "qarabag_agdam": 1474.6130077552318,
    "olympiakos": 1515.8158806895078,
    "paphos": 1510.3853054206788,
    "slavia_praha": 1466.0116777168469,
    "bod_glimt": 1547.2677793995235,
    "ajax": 1469.4622522408313,
    "k_benhavn": 1500.1193889444278,
    "club_brugge": 1545.3605755805784,
    "sporting_cp": 1567.6424810974822,
    "fk_kairat": 1435.0690373033685,
    "galatasaray": 1543.7156248282142
  },
  "last_seen": {
    "bordeaux": "2022-05-21 15:00:00+00:00",
    "nantes": "2026-02-13 20:05:00+00:00",
    "dijon": "2021-05-23 15:00:00+00:00",
    "angers": "2026-02-15 16:15:00+00:00",
    "lille": "2026-02-14 18:00:00+00:00",
    "rennes": "2026-02-13 18:00:00+00:00",
    "nice": "2026-02-15 19:45:00+00:00",
    "lens": "2026-02-14 20:05:00+00:00",
    "monaco": "2026-02-17 20:00:00+00:00",
    "reims": "2025-05-17 15:00:00+00:00",
    "lorient": "2026-02-15 16:15:00+00:00",
    "strasbourg": "2026-02-14 16:00:00+00:00",
    "nimes": "2021-05-23 15:00:00+00:00",
    "brest": "2026-02-14 18:00:00+00:00",
    "lyon": "2026-02-15 15:00:00+00:00",
    "montpellier": "2025-05-17 15:00:00+00:00",
    "marseille": "2026-02-14 16:00:00+00:00",
    "saint_etienne": "2025-05-17 15:00:00+00:00",
    "metz": "2026-02-15 16:15:00+00:00",
    "paris_sg": "2026-02-17 20:00:00+00:00",
    "granada": "2024-05-24 15:00:00+00:00",
    "athletic_bilbao": "2026-02-15 15:00:00+00:00",
    "eibar": "2021-05-22 15:00:00+00:00",
    "celta": "2026-02-14 15:00:00+00:00",
    "crystal_palace": "2026-02-11 19:40:00+00:00",
    "southampton": "2025-05-25 15:00:00+00:00",
    "liverpool": "2026-02-11 20:15:00+00:00",
    "leeds": "2026-02-10 19:30:00+00:00",
    "fulham": "2026-02-11 19:30:00+00:00",
    "arsenal": "2026-02-18 20:00:00+00:00",
    "cadiz": "2024-05-25 15:00:00+00:00",
    "osasuna": "2026-02-13 20:00:00+00:00",
    "west_ham": "2026-02-10 20:15:00+00:00",
    "newcastle": "2026-02-18 17:45:00+00:00",
    "west_brom": "2021-05-23 15:00:00+00:00",
    "leicester": "2025-05-25 15:00:00+00:00",
    "alaves": "2026-02-14 17:30:00+00:00",
    "real_betis": "2026-02-15 20:00:00+00:00",
    "valencia": "2026-02-15 17:30:00+00:00",
    "levante": "2026-02-18 19:00:00+00:00",
    "villarreal": "2026-02-18 19:00:00+00:00",
    "huesca": "2021-05-22 15:00:00+00:00",
    "valladolid": "2025-05-24 15:00:00+00:00",
    "real_sociedad": "2026-02-14 20:00:00+00:00",
    "tottenham": "2026-02-10 19:30:00+00:00",
    "everton": "2026-02-10 19:30:00+00:00",
    "brighton": "2026-02-11 19:30:00+00:00",
    "chelsea": "2026-02-10 19:30:00+00:00",
    "sheffield_united": "2024-05-19 15:00:00+00:00",
    "wolves": "2026-02-18 20:00:00+00:00",
    "bayern_munich": "2026-02-14 15:00:00+00:00",
    "schalke_04": "2023-05-27 15:00:00+00:00",