{
  "ratings": {
    "bordeaux": 1380.4798013898842,
    "nantes": 1346.2791192326056,
    "dijon": 1324.9788949103984,
    "angers": 1476.6347929807062,
    "lille": 1562.9667758962762,
    "rennes": 1604.8155584495337,
    "nice": 1486.1597297842472,
    "lens": 1756.5401549574158,
    "monaco": 1549.0950128484694,
    "reims": 1457.550355238466,
    "lorient": 1568.9248582174423,
    "strasbourg": 1580.4994168090518,
    "nimes": 1407.3340707590626,
    "brest": 1547.0381684481272,
    "lyon": 1671.3544549746537,
    "montpellier": 1331.3951515079011,
    "marseille": 1634.7164972020287,
    "saint_etienne": 1405.1917289183002,
    "metz": 1333.2127981254648,
    "paris_sg": 1828.3241987972972,
    "granada": 1338.9267088847453,
    "athletic_bilbao": 1533.7756749828893,
    "eibar": 1394.7531893576352,
    "celta": 1565.024360650367,
    "crystal_palace": 1503.3373285207433,
    "southampton": 1247.796967599157,
    "liverpool": 1698.6104293822002,
    "leeds": 1543.9539746168018,
    "fulham": 1535.269264230956,
    "arsenal": 1832.2720937375684,
    "cadiz": 1405.7722736441765,
    "osasuna": 1545.9882385509914,
    "west_ham": 1475.6011491531983,
    "newcastle": 1614.5664716942063,
    "tottenham": 1519.1918826875412,
    "everton": 1563.8275746242646,
    "valladolid": 1273.0607964339033,
    "real_sociedad": 1570.4951898442496,
    "villarreal": 1613.6643420404469,
    "huesca": 1427.1510275344788,
    "valencia": 1512.2495359635182,
    "levante": 1387.1489894887927,
    "west_brom": 1368.6904405190924,
    "leicester": 1351.1565449659133,
    "alaves": 1441.1996845803787,
    "real_betis": 1657.312244756244,
    "brighton": 1537.7632734713054,
    "chelsea": 1693.09896478926,
    "sheffield_united": 1256.4261285494565,
    "wolves": 1359.9560974192104,
    "bayern_munich": 1904.8870992038976,
    "schalke_04": 1368.0301815449866,
    "fc_koln": 1420.7200610425284,
    "hoffenheim": 1703.1839693432125,
    "eintracht_frankfurt": 1519.1827755783681,
    "bielefeld": 1393.7748972488648,
    "fiorentina": 1517.1217445212353,
    "torino": 1455.7108541316516,
    "verona": 1335.6041333140106,
    "roma": 1690.7639849235416,
    "getafe": 1492.335112110136,
    "stuttgart": 1676.9424687290687,
    "freiburg": 1545.6594455241038,
    "union_berlin": 1461.9298121329452,
    "augsburg": 1473.8923260365725,
    "werder_bremen": 1475.7025876197931,
    "hertha": 1370.9712130957826,
    "dortmund": 1767.3099942226438,
    "mgladbach": 1454.3651882914749,
    "man_united": 1668.904018826982,
    "sassuolo": 1512.7043414978828,
    "cagliari": 1452.699002209398,
    "burnley": 1359.716856360395,
    "parma": 1471.4450275345607,
    "napoli": 1690.8212559971744,
    "wolfsburg": 1436.5088186940936,
    "leverkusen": 1694.0781698219034,
    "leipzig": 1609.2523978133622,
    "mainz": 1513.5102399281918,
    "juventus": 1697.1909464466728,
    "sampdoria": 1335.4420469595439,
    "real_madrid": 1822.1075713080272,
    "genoa": 1474.9052691686309,
    "crotone": 1346.7897406548307,
    "aston_villa": 1707.785124915834,
    "man_city": 1767.103689069368,
    "ac_milan": 1781.107117441336,
    "bologna": 1520.5142045773746,
    "elche": 1425.3486496033267,
    "atalanta": 1678.7804427366593,
    "lazio": 1548.2592848675204,
    "inter_milan": 1839.0708021828443,
    "benevento": 1364.360451943596,
    "barcelona": 1822.6654340186471,
    "atletico_madrid": 1641.7958565392005,
    "sevilla": 1426.5574149059244,
    "udinese": 1475.5167856117994,
    "spezia": 1380.8232120974117,
    "troyes": 1356.1403830380552,
    "clermont": 1421.1203813947375,
    "brentford": 1632.4977967983612,
    "norwich": 1328.3139574998931,
    "bochum": 1384.2971060737402,
    "mallorca": 1476.3331939847828,
    "greuther_furth": 1354.2139308331018,
    "espanyol": 1477.0873984893813,
    "watford": 1331.9097153859664,
    "rayo_vallecano": 1495.8763248718428,
    "empoli": 1409.2312635630767,
    "venezia": 1383.7996120365094,
    "salernitana": 1332.2610816357537,
    "ajaccio": 1353.03341087646,
    "nottingham_forest": 1499.0873928957667,
    "bournemouth": 1608.9382283642474,
    "auxerre": 1447.554059155853,
    "toulouse": 1548.1641081087637,
    "lecce": 1440.1638546191098,
    "monza": 1339.2005329160104,
    "girona": 1521.4023588228806,
    "cremonese": 1421.0219030028727,
    "almeria": 1372.6926887091959,
    "las_palmas": 1394.9395489790284,
    "luton": 1382.4854857071052,
    "le_havre": 1511.5046578135195,
    "frosinone": 1444.7037293372712,
    "heidenheim": 1314.7406661070027,
    "darmstadt": 1337.5538852713669,
    "leganes": 1463.0027671033895,
    "ipswich": 1360.6493554223407,
    "como": 1663.8619844884272,
    "holstein_kiel": 1413.179384728215,
    "st_pauli": 1393.5171947228696,
    "oviedo": 1426.466708103144,
    "real_oviedo": 1425.9624173161553,
    "sunderland": 1532.2190366299515,
    "olympique_lyon": 1596.9469379523944,
    "paris": 1445.7077297651097,
    "bremen": 1451.7424550944656,
    "pisa": 1432.2769615655377,
    "hamburg": 1500.061685310275,
    "hsv": 1498.5555956864969,
    "ac_pisa": 1430.7432099315204,
    "psv": 1524.648283005672,
    "union_sg": 1505.4064437763984,
    "sl_benfica": 1523.9353477778645,
    "qarabag_agdam": 1474.613003825151,
    "olympiakos": 1515.8158877823648,
    "paphos": 1510.3854636784763,
    "slavia_praha": 1466.011688430473,
    "bod_glimt": 1547.2677860053204,
    "ajax": 1469.4621755081635,
    "club_brugge": 1545.3608381210245,
    "k_benhavn": 1500.1193899956777,
    "galatasaray": 1543.7157557659411,
    "sporting_cp": 1567.6424159047067,
    "fk_kairat": 1435.0690358424854
  },
  "last_seen": {
    "bordeaux": "2022-05-21 15:00:00+00:00",
    "nantes": "2026-02-13 20:05:00+00:00",
    "dijon": "2021-05-23 15:00:00+00:00",
    "angers": "2026-02-15 16:15:00+00:00",
    "lille": "2026-02-14 18:00:00+00:00",
    "rennes": "2026-02-13 18:00:00+00:00",
    "nice": "2026-02-15 19:45:00+00:00",
    "lens": "2026-02-14 20:05:00+00:00",
    "monaco": "2026-02-17 20:00:00+00:00",
    "reims": "2025-05-17 15:00:00+00:00",
    "lorient": "2026-02-15 16:15:00+00:00",
    "strasbourg": "2026-02-14 16:00:00+00:00",
    "nimes": "2021-05-23 15:00:00+00:00",
    "brest": "2026-02-14 18:00:00+00:00",
    "lyon": "2026-02-15 15:00:00+00:00",
    "montpellier": "2025-05-17 15:00:00+00:00",
    "marseille": "2026-02-14 16:00:00+00:00",
    "saint_etienne": "2025-05-17 15:00:00+00:00",
    "metz": "2026-02-15 16:15:00+00:00",
    "paris_sg": "2026-02-17 20:00:00+00:00",
    "granada": "2024-05-24 15:00:00+00:00",
    "athletic_bilbao": "2026-02-15 15:00:00+00:00",
    "eibar": "2021-05-22 15:00:00+00:00",
    "celta": "2026-02-14 15:00:00+00:00",
    "crystal_palace": "2026-02-11 19:40:00+00:00",
    "southampton": "2025-05-25 15:00:00+00:00",
    "liverpool": "2026-02-11 20:15:00+00:00",
    "leeds": "2026-02-10 19:30:00+00:00",
    "fulham": "2026-02-11 19:30:00+00:00",
    "arsenal": "2026-02-18 20:00:00+00:00",
    "cadiz": "2024-05-25 15:00:00+00:00",
    "osasuna": "2026-02-13 20:00:00+00:00",
    "west_ham": "2026-02-10 20:15:00+00:00",
    "newcastle": "2026-02-18 17:45:00+00:00",
    "tottenham": "2026-02-10 19:30:00+00:00",
    "everton": "2026-02-10 19:30:00+00:00",
    "valladolid": "2025-05-24 15:00:00+00:00",
    "real_sociedad": "2026-02-14 20:00:00+00:00",
    "villarreal": "2026-02-18 19:00:00+00:00",
    "huesca": "2021-05-22 15:00:00+00:00",
    "valencia": "2026-02-15 17:30:00+00:00",
    "levante": "2026-02-18 19:00:00+00:00",
    "west_brom": "2021-05-23 15:00:00+00:00",
    "leicester": "2025-05-25 15:00:00+00:00",
    "alaves": "2026-02-14 17:30:00+00:00",
    "real_betis": "2026-02-15 20:00:00+00:00",
    "brighton": "2026-02-11 19:30:00+00:00",
    "chelsea": "2026-02-10 19:30:00+00:00",
    "sheffield_united": "2024-05-19 15:00:00+00:00",
    "wolves": "2026-02-18 20:00:00+00:00",
    "bayern_munich": "2026-02-14 15:00:00+00:00",
    "schalke_04": "2023-05-27 15:00:00+00:00",