{
  "ratings": {
    "oman": 1354.3549786180843,
    "jordania": 1485.2629705802635,
    "irak": 1474.0889197487045,
    "china": 1343.4376211713568,
    "uzbekistan": 1482.4086279807393,
    "emiratos_arabes": 1423.4638954411764,
    "brasil": 1681.9280761647904,
    "croacia": 1609.5798597328017,
    "chile": 1426.141779512916,
    "australia": 1546.5708395450145,
    "mexico": 1567.047589146053,
    "camerun": 1460.7797119423988,
    "espana": 1801.2497776271066,
    "paises_bajos": 1655.1546494685458,
    "colombia": 1616.6221781295305,
    "grecia": 1513.0991321169415,
    "inglaterra": 1726.2305786777345,
    "italia": 1599.6940138614261,
    "costa_marfil": 1515.2295254759788,
    "japon": 1573.7995375376536,
    "uruguay": 1604.37969378473,
    "costa_rica": 1461.539900453852,
    "argentina": 1737.915169230373,
    "bosnia": 1402.590349909133,
    "francia": 1743.0703923096526,
    "honduras": 1392.9903351555845,
    "suiza": 1581.6030492498755,
    "ecuador": 1576.6382411057948,
    "alemania": 1646.9192497672818,
    "portugal": 1685.4771011526275,
    "ghana": 1482.4048012854855,
    "estados_unidos": 1560.9269298293902,
    "iran": 1568.9133347266927,
    "nigeria": 1537.8515173435144,
    "belgica": 1626.7993437307807,
    "argelia": 1489.8793719858804,
    "rusia": 1485.0200035685643,
    "corea_sur": 1576.3212209169558,
    "senegal": 1566.1506404118684,
    "egipto": 1504.8223122178863,
    "rdc": 1449.8541618582249,
    "georgia": 1384.5412933161617,
    "irlanda": 1451.6463385902948,
    "escocia": 1518.2737875144887,
    "rumania": 1465.759209483613,
    "hungria": 1478.787817426419,
    "irlanda_norte": 1349.3225690240029,
    "albania": 1405.4687558718908,
    "austria": 1507.5468836354462,
    "suecia": 1441.3127450900913,
    "macedonia_norte": 1358.7087778522396,
    "ucrania": 1521.8727531386066,
    "eslovaquia": 1439.2697935918777,
    "republica_checa": 1466.6709942256514,
    "islandia": 1319.8262768291295,
    "turquia": 1596.788928362842,
    "noruega": 1543.5934297657523,
    "mali": 1446.5117031357304,
    "tunez": 1491.62210983871,
    "sudafrica": 1435.7259274325856,
    "eslovenia": 1418.5598345088054,
    "bulgaria": 1316.8673648798447,
    "gales": 1505.5026352829573,
    "dinamarca": 1606.5085342664038,
    "finlandia": 1366.3670844874184,
    "polonia": 1476.06344552349,
    "serbia": 1486.987431077523,
    "israel": 1360.947732446638,
    "arabia_saudita": 1502.7407672471722,
    "qatar": 1446.8664267454424,
    "cabo_verde": 1457.651148567165,
    "bolivia": 1385.8845082900439,
    "paraguay": 1504.4116500779317,
    "jamaica": 1367.970334932842,
    "peru": 1454.5163353979958,
    "venezuela": 1428.1722099492931,
    "curazao": 1454.5098376313024,
    "el_salvador": 1390.2062717624722,
    "haiti": 1388.315848459432,
    "canada": 1534.6309388215343,
    "panama": 1523.3384900143412,
    "marruecos": 1564.8045883882105,
    "kosovo": 1415.5762934586148,
    "nueva_zelanda": 1481.138811184228
  },
  "last_seen": {
    "oman": "2025-10-11T12:00:00Z",
    "jordania": "2025-06-10T12:00:00Z",
    "irak": "2026-03-31T12:00:00Z",
    "china": "2025-03-25T12:00:00Z",
    "uzbekistan": "2025-06-10T12:00:00Z",
    "emiratos_arabes": "2025-11-18T12:00:00Z",
    "brasil": "2025-09-09T12:00:00Z",
    "croacia": "2025-10-09T12:00:00Z",
    "chile": "2025-09-09T12:00:00Z",
    "australia": "2025-06-10T12:00:00Z",
    "mexico": "2025-03-23T12:00:00Z",
    "camerun": "2026-01-09T12:00:00Z",
    "espana": "2025-11-18T12:00:00Z",
    "paises_bajos": "2025-11-14T12:00:00Z",
    "colombia": "2025-09-09T12:00:00Z",
    "grecia": "2025-11-15T12:00:00Z",
    "inglaterra": "2025-11-16T12:00:00Z",
    "italia": "2026-03-31T12:00:00Z",
    "costa_marfil": "2026-01-10T12:00:00Z",
    "japon": "2025-06-05T12:00:00Z",
    "uruguay": "2025-09-09T12:00:00Z",
    "costa_rica": "2025-11-18T12:00:00Z",
    "argentina": "2025-09-09T12:00:00Z",
    "bosnia": "2026-03-31T12:00:00Z",
    "francia": "2025-11-13T12:00:00Z",
    "honduras": "2025-11-18T12:00:00Z",
    "suiza": "2025-11-18T12:00:00Z",
    "ecuador": "2025-09-09T12:00:00Z",
    "alemania": "2025-11-17T12:00:00Z",
    "portugal": "2025-11-13T12:00:00Z",
    "ghana": "2025-09-08T12:00:00Z",
    "estados_unidos": "2025-03-23T12:00:00Z",
    "iran": "2025-06-05T12:00:00Z",
    "nigeria": "2026-01-17T12:00:00Z",
    "belgica": "2025-10-13T12:00:00Z",
    "argelia": "2026-01-10T12:00:00Z",
    "rusia": "2021-11-14T12:00:00Z",
    "corea_sur": "2025-06-05T12:00:00Z",
    "senegal": "2026-01-18T12:00:00Z",
    "egipto": "2026-01-17T12:00:00Z",
    "rdc": "2026-03-31T12:00:00Z",
    "georgia": "2025-11-18T12:00:00Z",
    "irlanda": "2026-03-26T12:00:00Z",
    "escocia": "2025-11-18T12:00:00Z",
    "rumania": "2026-03-26T12:00:00Z",
    "hungria": "2025-11-16T12:00:00Z",
    "irlanda_norte": "2026-03-26T12:00:00Z",
    "albania": "2026-03-26T12:00:00Z",
    "austria": "2025-11-18T12:00:00Z",
    "suecia": "2026-03-31T12:00:00Z",
    "macedonia_norte": "2026-03-26T12:00:00Z",
    "ucrania": "2026-03-26T12:00:00Z",
    "eslovaquia": "2026-03-26T12:00:00Z",
    "republica_checa": "2026-03-31T12:00:00Z",
    "islandia": "2025-11-16T12:00:00Z",
    "turquia": "2026-03-31T12:00:00Z",
    "noruega": "2025-11-16T12:00:00Z",
    "mali": "2026-01-09T12:00:00Z",
    "tunez": "2026-01-03T12:00:00Z",
    "sudafrica": "2026-01-04T12:00:00Z",
    "eslovenia": "2025-11-18T12:00:00Z",
    "bulgaria": "2025-11-18T12:00:00Z",
    "gales": "2026-03-26T12:00:00Z",
    "dinamarca": "2026-03-31T12:00:00Z",
    "finlandia": "2025-10-12T12:00:00Z",
    "polonia": "2026-03-31T12:00:00Z",
    "serbia": "2025-11-13T12:00:00Z",
    "israel": "2025-10-14T12:00:00Z",
    "arabia_saudita": "2025-10-14T12:00:00Z",
    "qatar": "2025-10-14T12:00:00Z",
    "cabo_verde": "2025-09-09T12:00:00Z",
    "bolivia": "2026-03-31T12:00:00Z",
    "paraguay": "2025-09-09T12:00:00Z",
    "jamaica": "2026-03-31T12:00:00Z",
    "peru": "2025-09-09T12:00:00Z",
    "venezuela": "2025-09-09T12:00:00Z",
    "curazao": "2025-11-18T12:00:00Z",
    "el_salvador": "2025-11-18T12:00:00Z",
    "haiti": "2025-11-13T12:00:00Z",
    "canada": "2025-03-23T12:00:00Z",
    "panama": "2025-11-18T12:00:00Z",
    "marruecos": "2026-01-18T12:00:00Z",
    "kosovo": "2026-03-31T12:00:00Z",
    "nueva_zelanda": "2022-06-14T12:00:00Z"
  },
  "last_processed_match_id": "20260331_republica_checa_dinamarca"
}