{
  "ratings": {
    "bordeaux": 1380.4798013898842,
    "nantes": 1346.27727124982,
    "dijon": 1324.9788949103984,
    "angers": 1476.6311618352752,
    "lille": 1562.964384982991,
    "rennes": 1604.8108208558604,
    "nice": 1486.158558914573,
    "lens": 1756.4934032879985,
    "monaco": 1553.7985887985299,
    "reims": 1457.550355238466,
    "lorient": 1568.9227172116944,
    "strasbourg": 1580.4964992251926,
    "nimes": 1407.3340707590626,
    "brest": 1547.036202839492,
    "lyon": 1671.584390102555,
    "montpellier": 1331.3951515079011,
    "marseille": 1634.710097604921,
    "saint_etienne": 1405.1917289183002,
    "metz": 1333.2111748716186,
    "paris_sg": 1823.6183583692205,
    "granada": 1338.9267088847453,
    "athletic_bilbao": 1533.7756699351564,
    "eibar": 1394.7531893576352,
    "celta": 1565.0243575734999,
    "crystal_palace": 1503.3373243555566,
    "southampton": 1247.796967599157,
    "liverpool": 1698.6103332246664,
    "leeds": 1543.953971878968,
    "fulham": 1535.2692624073193,
    "arsenal": 1849.208231135112,
    "cadiz": 1405.7722736441765,
    "osasuna": 1545.9882364218324,
    "west_ham": 1475.601147968135,
    "newcastle": 1596.469574275499,
    "alaves": 1441.199682834604,
    "real_betis": 1657.3122421634314,
    "valencia": 1512.249536460288,
    "levante": 1399.3358379324918,
    "villarreal": 1601.4774886420735,
    "huesca": 1427.1510275344788,
    "valladolid": 1273.0607964339033,
    "real_sociedad": 1570.4951878788822,
    "tottenham": 1519.1918767893565,
    "everton": 1563.8275707899247,
    "west_brom": 1368.6904405190924,
    "leicester": 1351.1565449659133,
    "brighton": 1537.7632723339577,
    "chelsea": 1693.098955099267,
    "sheffield_united": 1256.4261285494565,
    "wolves": 1343.0199534137623,
    "bayern_munich": 1904.8870181786308,
    "schalke_04": 1368.0301815449866,
    "fc_koln": 1420.7200517231668,
    "hoffenheim": 1703.1839571742255,
    "eintracht_frankfurt": 1519.1827629610837,
    "bielefeld": 1393.7748972488648,
    "dortmund": 1757.8469986114283,
    "mgladbach": 1454.3651803928035,
    "werder_bremen": 1475.7025822954204,
    "hertha": 1370.9712130957826,
    "union_berlin": 1461.9298071033318,
    "augsburg": 1473.8923178754044,
    "stuttgart": 1676.9424562546217,
    "freiburg": 1545.6594346992458,
    "getafe": 1492.335111996815,
    "verona": 1335.6041240821176,
    "roma": 1690.7639758985026,
    "fiorentina": 1517.121734826105,
    "torino": 1455.71084152385,
    "man_united": 1668.9040157854247,
    "juventus": 1697.1909207667823,
    "sampdoria": 1335.4420469595439,
    "real_madrid": 1817.7994837776432,
    "sassuolo": 1512.7043350522022,
    "cagliari": 1452.6989955056501,
    "genoa": 1474.9052614148372,
    "crotone": 1346.7897406548307,
    "leipzig": 1609.2523816070336,
    "mainz": 1513.5102353091363,
    "burnley": 1359.71685233022,
    "wolfsburg": 1436.5088085441578,
    "leverkusen": 1682.917012869649,
    "parma": 1471.445017805367,
    "napoli": 1690.8212459308181,
    "man_city": 1767.103676467993,
    "ac_milan": 1791.3924114692038,
    "bologna": 1520.5141934148473,
    "aston_villa": 1707.7851204058334,
    "lazio": 1548.259271955982,
    "inter_milan": 1864.0002157195015,
    "benevento": 1364.360451943596,
    "elche": 1425.3486465338162,
    "atalanta": 1688.243350222042,
    "spezia": 1380.8232120974117,
    "udinese": 1475.5167796334135,
    "barcelona": 1822.6653879042651,
    "atletico_madrid": 1642.7527724269146,
    "sevilla": 1426.5574104205286,
    "troyes": 1356.1403830380552,
    "clermont": 1421.1203813947375,
    "brentford": 1632.4977922293872,
    "norwich": 1328.3139574998931,
    "mallorca": 1476.3331914412604,
    "espanyol": 1477.0873954771425,
    "bochum": 1384.2971060737402,
    "greuther_furth": 1354.2139308331018,
    "watford": 1331.9097153859664,
    "rayo_vallecano": 1495.8763246680483,
    "empoli": 1409.2312635630767,
    "salernitana": 1332.2610816357537,
    "venezia": 1383.7996120365094,
    "ajaccio": 1353.03341087646,
    "bournemouth": 1608.9382215434575,
    "nottingham_forest": 1499.0873912804473,
    "toulouse": 1548.1595661964661,
    "auxerre": 1447.5505369093382,
    "lecce": 1440.1638512458362,
    "monza": 1339.2005329160104,
    "almeria": 1372.6926887091959,
    "cremonese": 1421.0218945843258,
    "girona": 1521.4023562854761,
    "luton": 1382.4854857071052,
    "las_palmas": 1394.9395489790284,
    "le_havre": 1511.499895121212,
    "heidenheim": 1314.7406574526246,
    "frosinone": 1444.7037293372712,
    "darmstadt": 1337.5538852713669,
    "leganes": 1463.0027671033895,
    "ipswich": 1360.6493554223407,
    "como": 1653.5766735034135,
    "holstein_kiel": 1413.179384728215,
    "st_pauli": 1393.5171875314772,
    "oviedo": 1426.466707018088,
    "real_oviedo": 1425.962416206168,
    "sunderland": 1532.2190282784425,
    "olympique_lyon": 1596.8152334771382,
    "paris": 1445.7017985683287,
    "bremen": 1451.7424500309526,
    "hamburg": 1500.06168330018,
    "pisa": 1432.2769570837381,
    "hsv": 1498.5555936287751,
    "ac_pisa": 1430.7432054934002,
    "psv": 1524.6482797196795,
    "union_sg": 1505.4063650202397,
    "sl_benfica": 1528.243444491405,
    "qarabag_agdam": 1492.7098522072622,
    "olympiakos": 1526.9769546745883,
    "paphos": 1510.3853007115335,
    "slavia_praha": 1466.0116763419271,
    "bod_glimt": 1522.3383607621836,
    "ajax": 1469.4622522386228,
    "k_benhavn": 1500.1193889427977,
    "club_brugge": 1544.403456957651,
    "galatasaray": 1543.7156233182961,
    "sporting_cp": 1567.642451966615,
    "fk_kairat": 1435.0690372897297
  },
  "last_seen": {
    "bordeaux": "2022-05-21 15:00:00+00:00",
    "nantes": "2026-02-13 20:05:00+00:00",
    "dijon": "2021-05-23 15:00:00+00:00",
    "angers": "2026-02-15 16:15:00+00:00",
    "lille": "2026-02-14 18:00:00+00:00",
    "rennes": "2026-02-13 18:00:00+00:00",
    "nice": "2026-02-15 19:45:00+00:00",
    "lens": "2026-02-14 20:05:00+00:00",
    "monaco": "2026-02-13 20:05:00+00:00",
    "reims": "2025-05-17 15:00:00+00:00",
    "lorient": "2026-02-15 16:15:00+00:00",
    "strasbourg": "2026-02-14 16:00:00+00:00",
    "nimes": "2021-05-23 15:00:00+00:00",
    "brest": "2026-02-14 18:00:00+00:00",
    "lyon": "2026-02-15 15:00:00+00:00",
    "montpellier": "2025-05-17 15:00:00+00:00",
    "marseille": "2026-02-14 16:00:00+00:00",
    "saint_etienne": "2025-05-17 15:00:00+00:00",
    "metz": "2026-02-15 16:15:00+00:00",
    "paris_sg": "2026-02-13 18:00:00+00:00",
    "granada": "2024-05-24 15:00:00+00:00",
    "athletic_bilbao": "2026-02-15 15:00:00+00:00",
    "eibar": "2021-05-22 15:00:00+00:00",
    "celta": "2026-02-14 15:00:00+00:00",
    "crystal_palace": "2026-02-11 19:40:00+00:00",
    "southampton": "2025-05-25 15:00:00+00:00",
    "liverpool": "2026-02-11 20:15:00+00:00",
    "leeds": "2026-02-10 19:30:00+00:00",
    "fulham": "2026-02-11 19:30:00+00:00",
    "arsenal": "2026-02-12 20:00:00+00:00",
    "cadiz": "2024-05-25 15:00:00+00:00",
    "osasuna": "2026-02-13 20:00:00+00:00",
    "west_ham": "2026-02-10 20:15:00+00:00",
    "newcastle": "2026-02-10 19:30:00+00:00",
    "alaves": "2026-02-14 17:30:00+00:00",
    "real_betis": "2026-02-15 20:00:00+00:00",
    "valencia": "2026-02-15 17:30:00+00:00",
    "levante": "2026-02-15 17:30:00+00:00",
    "villarreal": "2026-02-14 15:15:00+00:00",
    "huesca": "2021-05-22 15:00:00+00:00",
    "valladolid": "2025-05-24 15:00:00+00:00",
    "real_sociedad": "2026-02-14 20:00:00+00:00",
    "tottenham": "2026-02-10 19:30:00+00:00",
    "everton": "2026-02-10 19:30:00+00:00",
    "west_brom": "2021-05-23 15:00:00+00:00",
    "leicester": "2025-05-25 15:00:00+00:00",
    "brighton": "2026-02-11 19:30:00+00:00",
    "chelsea": "2026-02-10 19:30:00+00:00",
    "sheffield_united": "2024-05-19 15:00:00+00:00",
    "wolves": "2026-02-11 19:30:00+00:00",
    "bayern_munich": "2026-02-14 15:00:00+00:00",
    "schalke_04": "2023-05-27 15:00:00+00:00",